Name,Email,Number
Alice,alice@example.com,12345667890
Bob,bob@example.com,12345667890
Charlie,charlie@example.com,12345667890
Daniel,daniel@example.com,12345667890
Eve,eve@example.com,12345667890
Frank,frank@example.com,12345667890
Grace,grace@example.com,12345667890
Harold,harold@example.com,12345667890
Ivy,ivy@example.com,12345667890
Jack,jack@example.com,12345667890
Kate,kate@example.com,12345667890
Leo,leo@example.com,12345667890
Martin,martin@example.com,12345667890
Nancy,nancy@example.com,12345667890
Oscar,oscar@example.com,12345667890
Paul,paul@example.com,12345667890
Quinn,quinn@example.com,12345667890
Rachel,rachel@example.com,12345667890
Sam,sam@example.com,12345667890
Tessa,tessa@example.com,12345667890
Ursula,ursula@example.com,12345667890
Victor,victor@example.com,12345667890
Wendy,wendy@example.com,12345667890
Xavier,xavier@example.com,12345667890
Yvonne,yvonne@example.com,12345667890
Zack,zack@example.com,12345667890
